{
  "T": 100,
  "si_dist": "weibull",
  "si_scale": 9.479049,
  "si_shape": 2.349443,
  "base_immig_rate": 0.00000001633029,
  "population_ratio": 0.120426,
  "mape_starts_at": 10,
  "epidemics_per_scenario": 50,
  "scenarios": [
    {
      "id": 1,
      "label": "Unrestricted immigration, unrestricted R",
      "I0": 10,
      "R": [2.5, 2.5, 2.5, 2.5, 2.5, 2.5, 2.5, 2.5, 2.5, 2.5, 2.5, 2.5, 2.5, 2.5, 2.5, 2.5, 2.5, 2.5, 2.5, 2.5, 2.5, 2.5, 2.5, 2.5, 2.5, 2.5, 2.5, 2.5, 2.5, 2.5, 2.5, 2.5, 2.5, 2.5, 2.5, 2.5, 2.5, 2.5, 2.5, 2.5, 2.5, 2.5, 2.5, 2.5, 2.5, 2.5, 2.5, 2.5, 2.5, 2.5, 2.5, 2.5, 2.5, 2.5, 2.5, 2.5, 2.5, 2.5, 2.5, 2.5, 2.5, 2.5, 2.5, 2.5, 2.5, 2.5, 2.5, 2.5, 2.5, 2.5, 2.5, 2.5, 2.5, 2.5, 2.5, 2.5, 2.5, 2.5, 2.5, 2.5, 2.5, 2.5, 2.5, 2.5, 2.5, 2.5, 2.5, 2.5, 2.5, 2.5, 2.5, 2.5, 2.5, 2.5, 2.5, 2.5, 2.5, 2.5, 2.5, 2.5],
      "global_I0": 612358920,
      "global_R": [2.5, 2.5, 2.5, 2.5, 2.5, 2.5, 2.5, 2.5, 2.5, 2.5, 2.5, 2.5, 2.5, 2.5, 2.5, 2.5, 2.5, 2.5, 2.5, 2.5, 2.5, 2.5, 2.5, 2.5, 2.5, 2.5, 2.5, 2.5, 2.5, 2.5, 2.5, 2.5, 2.5, 2.5, 2.5, 2.5, 2.5, 2.5, 2.5, 2.5, 2.5, 2.5, 2.5, 2.5, 2.5, 2.5, 2.5, 2.5, 2.5, 2.5, 2.5, 2.5, 2.5, 2.5, 2.5, 2.5, 2.5, 2.5, 2.5, 2.5, 2.5, 2.5, 2.5, 2.5, 2.5, 2.5, 2.5, 2.5, 2.5, 2.5, 2.5, 2.5, 2.5, 2.5, 2.5, 2.5, 2.5, 2.5, 2.5, 2.5, 2.5, 2.5, 2.5, 2.5, 2.5, 2.5, 2.5, 2.5, 2.5, 2.5, 2.5, 2.5, 2.5, 2.5, 2.5, 2.5, 2.5, 2.5, 2.5, 2.5],
      "immig_rate": [0.00000001633029, 0.00000001633029, 0.00000001633029, 0.00000001633029, 0.00000001633029, 0.00000001633029, 0.00000001633029, 0.00000001633029, 0.00000001633029, 0.00000001633029, 0.00000001633029, 0.00000001633029, 0.00000001633029, 0.00000001633029, 0.00000001633029, 0.00000001633029, 0.00000001633029, 0.00000001633029, 0.00000001633029, 0.00000001633029, 0.00000001633029, 0.00000001633029, 0.00000001633029, 0.00000001633029, 0.00000001633029, 0.00000001633029, 0.00000001633029, 0.00000001633029, 0.00000001633029, 0.00000001633029, 0.00000001633029, 0.00000001633029, 0.00000001633029, 0.00000001633029, 0.00000001633029, 0.00000001633029, 0.00000001633029, 0.00000001633029, 0.00000001633029, 0.00000001633029, 0.00000001633029, 0.00000001633029, 0.00000001633029, 0.00000001633029, 0.00000001633029, 0.00000001633029, 0.00000001633029, 0.00000001633029, 0.00000001633029, 0.00000001633029, 0.00000001633029, 0.00000001633029, 0.00000001633029, 0.00000001633029, 0.00000001633029, 0.00000001633029, 0.00000001633029, 0.00000001633029, 0.00000001633029, 0.00000001633029, 0.00000001633029, 0.00000001633029, 0.00000001633029, 0.00000001633029, 0.00000001633029, 0.00000001633029, 0.00000001633029, 0.00000001633029, 0.00000001633029, 0.00000001633029, 0.00000001633029, 0.00000001633029, 0.00000001633029, 0.00000001633029, 0.00000001633029, 0.00000001633029, 0.00000001633029, 0.00000001633029, 0.00000001633029, 0.00000001633029, 0.00000001633029, 0.00000001633029, 0.00000001633029, 0.00000001633029, 0.00000001633029, 0.00000001633029, 0.00000001633029, 0.00000001633029, 0.00000001633029, 0.00000001633029, 0.00000001633029, 0.00000001633029, 0.00000001633029, 0.00000001633029, 0.00000001633029, 0.00000001633029, 0.00000001633029, 0.00000001633029, 0.00000001633029, 0.00000001633029]
    },
    {
      "id": 2,
      "label": "Unrestricted immigration, high R -> low R",
      "I0": 10,
      "R": [2.5, 2.5, 2.5, 2.5, 2.5, 2.5, 2.5, 2.5, 2.5, 2.5, 2.5, 2.5, 2.5, 2.5, 2.5, 2.5, 2.5, 2.5, 2.5, 2.5, 2.5, 2.5, 2.5, 2.5, 2.5, 2.5, 2.5, 2.5, 2.5, 2.5, 2.5, 2.5, 2.5, 2.5, 2.5, 2.5, 2.5, 2.5, 2.5, 2.5, 2.5, 2.5, 2.5, 2.5, 2.5, 2.5, 2.5, 2.5, 2.5, 2.5, 0.7, 0.7, 0.7, 0.7, 0.7, 0.7, 0.7, 0.7, 0.7, 0.7, 0.7, 0.7, 0.7, 0.7, 0.7, 0.7, 0.7, 0.7, 0.7, 0.7, 0.7, 0.7, 0.7, 0.7, 0.7, 0.7, 0.7, 0.7, 0.7, 0.7, 0.7, 0.7, 0.7, 0.7, 0.7, 0.7, 0.7, 0.7, 0.7, 0.7, 0.7, 0.7, 0.7, 0.7, 0.7, 0.7, 0.7, 0.7, 0.7, 0.7],
      "global_I0": 612358920,
      "global_R": [2.5, 2.5, 2.5, 2.5, 2.5, 2.5, 2.5, 2.5, 2.5, 2.5, 2.5, 2.5, 2.5, 2.5, 2.5, 2.5, 2.5, 2.5, 2.5, 2.5, 2.5, 2.5, 2.5, 2.5, 2.5, 2.5, 2.5, 2.5, 2.5, 2.5, 2.5, 2.5, 2.5, 2.5, 2.5, 2.5, 2.5, 2.5, 2.5, 2.5, 2.5, 2.5, 2.5, 2.5, 2.5, 2.5, 2.5, 2.5, 2.5, 2.5, 2.5, 2.5, 2.5, 2.5, 2.5, 2.5, 2.5, 2.5, 2.5, 2.5, 2.5, 2.5, 2.5, 2.5, 2.5, 2.5, 2.5, 2.5, 2.5, 2.5, 2.5, 2.5, 2.5, 2.5, 2.5, 2.5, 2.5, 2.5, 2.5, 2.5, 2.5, 2.5, 2.5, 2.5, 2.5, 2.5, 2.5, 2.5, 2.5, 2.5, 2.5, 2.5, 2.5, 2.5, 2.5, 2.5, 2.5, 2.5, 2.5, 2.5],
      "immig_rate": [0.00000001633029, 0.00000001633029, 0.00000001633029, 0.00000001633029, 0.00000001633029, 0.00000001633029, 0.00000001633029, 0.00000001633029, 0.00000001633029, 0.00000001633029, 0.00000001633029, 0.00000001633029, 0.00000001633029, 0.00000001633029, 0.00000001633029, 0.00000001633029, 0.00000001633029, 0.00000001633029, 0.00000001633029, 0.00000001633029, 0.00000001633029, 0.00000001633029, 0.00000001633029, 0.00000001633029, 0.00000001633029, 0.00000001633029, 0.00000001633029, 0.00000001633029, 0.00000001633029, 0.00000001633029, 0.00000001633029, 0.00000001633029, 0.00000001633029, 0.00000001633029, 0.00000001633029, 0.00000001633029, 0.00000001633029, 0.00000001633029, 0.00000001633029, 0.00000001633029, 0.00000001633029, 0.00000001633029, 0.00000001633029, 0.00000001633029, 0.00000001633029, 0.00000001633029, 0.00000001633029, 0.00000001633029, 0.00000001633029, 0.00000001633029, 0.00000001633029, 0.00000001633029, 0.00000001633029, 0.00000001633029, 0.00000001633029, 0.00000001633029, 0.00000001633029, 0.00000001633029, 0.00000001633029, 0.00000001633029, 0.00000001633029, 0.00000001633029, 0.00000001633029, 0.00000001633029, 0.00000001633029, 0.00000001633029, 0.00000001633029, 0.00000001633029, 0.00000001633029, 0.00000001633029, 0.00000001633029, 0.00000001633029, 0.00000001633029, 0.00000001633029, 0.00000001633029, 0.00000001633029, 0.00000001633029, 0.00000001633029, 0.00000001633029, 0.00000001633029, 0.00000001633029, 0.00000001633029, 0.00000001633029, 0.00000001633029, 0.00000001633029, 0.00000001633029, 0.00000001633029, 0.00000001633029, 0.00000001633029, 0.00000001633029, 0.00000001633029, 0.00000001633029, 0.00000001633029, 0.00000001633029, 0.00000001633029, 0.00000001633029, 0.00000001633029, 0.00000001633029, 0.00000001633029, 0.00000001633029]
    },
    {
      "id": 3,
      "label": "Restricted immigration, unrestricted R",
      "I0": 10,
      "R": [2.5, 2.5, 2.5, 2.5, 2.5, 2.5, 2.5, 2.5, 2.5, 2.5, 2.5, 2.5, 2.5, 2.5, 2.5, 2.5, 2.5, 2.5, 2.5, 2.5, 2.5, 2.5, 2.5, 2.5, 2.5, 2.5, 2.5, 2.5, 2.5, 2.5, 2.5, 2.5, 2.5, 2.5, 2.5, 2.5, 2.5, 2.5, 2.5, 2.5, 2.5, 2.5, 2.5, 2.5, 2.5, 2.5, 2.5, 2.5, 2.5, 2.5, 2.5, 2.5, 2.5, 2.5, 2.5, 2.5, 2.5, 2.5, 2.5, 2.5, 2.5, 2.5, 2.5, 2.5, 2.5, 2.5, 2.5, 2.5, 2.5, 2.5, 2.5, 2.5, 2.5, 2.5, 2.5, 2.5, 2.5, 2.5, 2.5, 2.5, 2.5, 2.5, 2.5, 2.5, 2.5, 2.5, 2.5, 2.5, 2.5, 2.5, 2.5, 2.5, 2.5, 2.5, 2.5, 2.5, 2.5, 2.5, 2.5, 2.5],
      "global_I0": 612358920,
      "global_R": [2.5, 2.5, 2.5, 2.5, 2.5, 2.5, 2.5, 2.5, 2.5, 2.5, 2.5, 2.5, 2.5, 2.5, 2.5, 2.5, 2.5, 2.5, 2.5, 2.5, 2.5, 2.5, 2.5, 2.5, 2.5, 2.5, 2.5, 2.5, 2.5, 2.5, 2.5, 2.5, 2.5, 2.5, 2.5, 2.5, 2.5, 2.5, 2.5, 2.5, 2.5, 2.5, 2.5, 2.5, 2.5, 2.5, 2.5, 2.5, 2.5, 2.5, 2.5, 2.5, 2.5, 2.5, 2.5, 2.5, 2.5, 2.5, 2.5, 2.5, 2.5, 2.5, 2.5, 2.5, 2.5, 2.5, 2.5, 2.5, 2.5, 2.5, 2.5, 2.5, 2.5, 2.5, 2.5, 2.5, 2.5, 2.5, 2.5, 2.5, 2.5, 2.5, 2.5, 2.5, 2.5, 2.5, 2.5, 2.5, 2.5, 2.5, 2.5, 2.5, 2.5, 2.5, 2.5, 2.5, 2.5, 2.5, 2.5, 2.5],